sku_label,jit_cogs,domestic_stocking_cogs,best_stocking_cogs,genuineeqprice,reporting_make,brand_name,category_name,sub_category_name,functional_name
VOL-1384773,48.88,43.99,34.22,91.41,Volvo,Genuine Volvo,Exterior Body,Exterior Body - Antenna,Manual Antenna
VOL-9447927,31.95,28.76,22.37,59.75,Volvo,Genuine Volvo,Exterior Body,Exterior Body - Antenna,Antenna Mast
PRO-002X,83.93,75.54,58.75,156.95,Volvo,Programa,Air Intake,Air Intake - Mass Air Flow Sensors,Mass Air Flow Sensor
VOL-1306398,41.41,37.27,28.99,77.44,Volvo,Genuine Volvo,Engine,Engine - Crankcase,PCV Oil Trap
PPS-23439657,,,,,Volvo,Pro Parts Sweden,Engine,Engine - Crankcase,Flame Trap
PPS-23439601,1.12,1.01,0.78,2.09,Volvo,Pro Parts Sweden,Engine,Engine - Crankcase,Flame Trap Kit
OSRAM67,0.96,0.86,0.67,1.80,Volvo,Osram,Tools Hardware and Supplies,Tools Hardware and Supplies - Bulbs,Light Bulb
VOL-9171064,70.52,63.47,49.36,131.87,Volvo,Genuine Volvo,Exterior Body,Exterior Body - Exterior Lighting,Fog Light Assembly
VOL-3518998,14.55,13.10,10.19,27.21,Volvo,Genuine Volvo,Exterior Body,Exterior Body - Exterior Lighting,Turn Signal Socket
VOL-3503883,40.10,36.09,28.07,74.99,Volvo,Genuine Volvo,Exterior Body,Exterior Body - Hood,Hood Release Cable
STB-SG315011,14.46,13.01,10.12,27.04,Volvo,Stabilus,Exterior Body,Exterior Body - Trunk Exterior,Trunk Strut
PPS-61433332,0.73,0.66,0.51,1.37,Volvo,Pro Parts Sweden,Exterior Body,Exterior Body - Wheels,Lug Nut
MEY-5141229347,5.05,4.55,3.54,9.44,Volvo,Meyle,Brake,Brake - Brake Hoses,Brake Hydraulic Hose
4315433,2.32,2.09,1.62,4.34,Mercedes-Benz,FTE,Brake,Brake - Brake Master Cylinders,Brake Master Cylinder Reservoir Cap
ATE-010957,221.35,199.22,154.95,413.92,Volvo,ATE,Brake,Brake - Brake Master Cylinders,Brake Master Cylinder
1259281,95.77,86.19,67.04,179.09,Volvo,Ogura,AC and Climate Control,AC and Climate Control - AC Compressor,A/C Compressor Clutch
1343271,144.67,130.20,101.27,270.53,Volvo,Four Seasons,AC and Climate Control,AC and Climate Control - AC Evaporator,A/C Evaporator Core
VOL-9145666,245.26,220.73,171.68,458.64,Volvo,Genuine Volvo,AC and Climate Control,AC and Climate Control - AC Conversion Kit,A/C Conversion Kit
VOL-9144354,101.83,91.65,71.28,190.42,Volvo,Genuine Volvo,AC and Climate Control,AC and Climate Control - Blower Motor,Blower Motor Resistor
VOL-9432710,55.05,49.55,38.54,102.94,Volvo,Genuine Volvo,Cooling System,Cooling System - Cooling Fan,Engine Cooling Fan Shroud
VOL-1378106,23.15,20.84,16.21,43.29,Volvo,Genuine Volvo,Cooling System,Cooling System - Cooling Hoses,Radiator Coolant Hose
246590,3.25,2.93,2.28,6.08,Volvo,Mackay,Cooling System,Cooling System - Cooling Hoses,Engine By Pass Hose
3514982,23.14,20.83,16.20,43.27,Volvo,Mackay,Cooling System,Cooling System - Cooling Hoses,Radiator Coolant Hose
3536130,8.57,7.71,6.00,16.03,Volvo,Mackay,Cooling System,Cooling System - Cooling Hoses,Radiator Coolant Hose
464969,13.20,11.88,9.24,24.68,Volvo,Mackay,Cooling System,Cooling System - Cooling Hoses,Radiator Coolant Hose
MEY-5142230002,23.89,21.50,16.72,44.67,Volvo,Meyle,Cooling System,Cooling System - Coolant Expansion Tank,Expansion Tank
273458,7.92,7.13,5.54,14.81,Volvo,Vernet,Cooling System,Cooling System - Thermostat,Engine Coolant Thermsotat
WAH-412287D,9.84,8.86,6.89,18.40,Volvo,Borg Warner,Cooling System,Cooling System - Thermostat,Engine Coolant Thermsotat
GMB-191050,38.63,34.77,27.04,72.24,Volvo,GMB,Cooling System,Cooling System - Water Pump,Engine Water Pump
VOL-271975,99.15,89.24,69.41,185.41,Volvo,Genuine Volvo,Cooling System,Cooling System - Water Pump,Engine Water Pump
PA-0865,34.83,31.35,24.38,65.13,Volvo,Graf,Cooling System,Cooling System - Water Pump,Engine Water Pump
WPV801,56.63,50.97,39.64,105.90,Volvo,Aisin,Cooling System,Cooling System - Water Pump,Engine Water Pump
CRP-13X1060,3.99,3.59,2.79,7.46,Volvo,Contitech,Engine,Engine - Drive Belts,Accessory Drive Belt
BR17,6.22,5.60,4.35,11.63,Volvo,SKF,Drivetrain and Axle,Drivetrain and Axle - Wheel Bearings,Wheel Bearing
FAG-7136601500,16.82,15.14,11.77,31.45,Volvo,FAG,Drivetrain and Axle,Drivetrain and Axle - Wheel Bearings,Wheel Bearing Kit
CRP-AVE0126R,16.77,15.09,11.74,31.36,Volvo,Rein,Engine,Engine - Mounts,Engine Mount
VOL-9480189,96.00,86.40,67.20,179.52,Volvo,Genuine Volvo,Engine,Engine - Mounts,Engine Mount
3544054,22.94,20.65,16.06,42.90,Volvo,MTC,Engine,Engine - Battery,Battery Cable
PRO-544,121.00,108.90,84.70,226.27,Volvo,Programa,Engine,Engine - Electronic Control Units,Electronic Control Unit
PRO-641,145.45,130.91,101.82,271.99,Volvo,Programa,Engine,Engine - Ignition,Ignition Control Unit
271063,19.45,17.51,13.62,36.37,Volvo,Glyco,Engine,Engine - Engine Block and Components,Engine Connecting Rod Bearing
271215,51.92,46.73,36.34,97.09,Volvo,Glyco,Engine,Engine - Engine Block and Components,Engine Crankshaft Main Bearing Set
CRP-4152449,1.06,0.95,0.74,1.98,Volvo,CRP,Engine,Engine - Cylinder Head and Components,Valve Shim
CRP-4152453,1.10,0.99,0.77,2.06,Volvo,CRP,Engine,Engine - Cylinder Head and Components,Valve Shim
CRP-4152457,1.13,1.02,0.79,2.11,Volvo,CRP,Engine,Engine - Cylinder Head and Components,Valve Shim
CRP-4152464,1.16,1.04,0.81,2.17,Volvo,CRP,Engine,Engine - Cylinder Head and Components,Valve Shim
VOL-9135132,1.30,1.17,0.91,2.43,Volvo,Genuine Volvo,Engine,Engine - Cylinder Head and Components,Engine Valve Spring Retainer
STA-6656,8.51,7.66,5.96,15.91,Volvo,Starla,Exhaust,Exhaust - Exhaust Tail Pipe,Exhaust Tail Pipe
33-2670,37.97,34.17,26.58,71.00,Volvo,KN,Air Intake,Air Intake - Air Filter,Air Filter
OEM-11994,0.12,0.11,0.08,0.22,Volvo,OEM Supplier,Tools Hardware and Supplies,Tools Hardware and Supplies - Nuts Bolts and Fasteners,Metal Seal Ring / Washer
3514360,4.37,3.93,3.06,8.17,Volvo,MTC,Fuel System Parts,Fuel System Parts - Fuel Hoses and Lines,Fuel Hose
PPS-23430180,1.23,1.11,0.86,2.30,Volvo,Pro Parts Sweden,Fuel System Parts,Fuel System Parts - Fuel Pump,Fuel Pump Strainer
BOS-0280160294,72.26,65.03,50.58,135.13,Volvo,Bosch,Fuel System Parts,Fuel System Parts - Fuel Injection,Fuel Pressure Regulator
VOL-947620,0.53,0.48,0.37,0.99,Volvo,Genuine Volvo,Fuel System Parts,Fuel System Parts - Fuel Injection,Fuel Injection Cold Start Valve O-Ring
1272897,11.39,10.25,7.97,21.30,Volvo,Cofle,Air Intake,Air Intake - Throttle Body,Accelerator Cable
VOL-463766,2.64,2.38,1.85,4.94,Volvo,Genuine Volvo,Fuel System Parts,Fuel System Parts - Idle Control Valve,Fuel Injection Idle Air Control Valve Gasket
BOS-13308,60.55,54.50,42.39,113.23,Volvo,Bosch,Exhaust,Exhaust - Oxygen Sensor,Oxygen Sensor
VOL-9202715,16.62,14.96,11.63,31.08,Volvo,Genuine Volvo,Exhaust,Exhaust - Oxygen Sensor,Oxygen Sensor Cable
BOS-0332209150,3.17,2.85,2.22,5.93,Saab,Bosch,Interior Body,Interior Body - Relays,Multi Purpose Relay
1359461,52.35,47.12,36.65,97.89,Volvo,Gates,Steering,Steering - Power Steering Hose,Power Steering Hose
MEY-5146310007,,,,,Volvo,Meyle,Steering,Steering - Power Steering Pump,Power Steering Pump
FEB-14913,12.29,11.06,8.60,22.98,Volvo,Febi,Steering,Steering - Tie Rods,Tie Rod End
LEM-3548901,89.18,80.26,62.43,166.77,Volvo,Lemforder,Suspension,Suspension - Control Arms and Bushings,Suspension Control Arm and Ball Joint Assembly
8710-1350SPORT,153.00,137.70,107.10,286.11,Volvo,Koni Sport,Suspension,Suspension - Shock and Struts,Suspension Strut Assembly
SAC-124818,51.68,46.51,36.18,96.64,Volvo,Sachs,Suspension,Suspension - Shock and Struts,Shock Absorber
BIL-24016407,80.33,72.30,56.23,150.22,Volvo,Bilstein B6 Performance,Suspension,Suspension - Shock and Struts,Shock Absorber
VOL-1221882,41.27,37.14,28.89,77.17,Volvo,Genuine Volvo,Suspension,Suspension - Coil Springs,Spring Seat
PPS-65430018,4.32,3.89,3.02,8.08,Volvo,Pro Parts Sweden,Suspension,Suspension - Panhard Rods,Track Rod Bushing
VOL-1359391,2.85,2.57,2.00,5.33,Volvo,Genuine Volvo,Suspension,Suspension - Sway Bars,Sway Bar Bushing Brace
1274962,4.14,3.73,2.90,7.74,Volvo,FAE,Cooling System,Cooling System - Cooling Fan,Engine Cooling Fan Switch
VOL-9133738,8.40,7.56,5.88,15.71,Volvo,Genuine Volvo,Exterior Body,Exterior Body - Exterior Lighting,Headlight Washer Nozzle
VOL-1213943,5.73,5.16,4.01,10.72,Volvo,Genuine Volvo,Exterior Body,Exterior Body - Windshield,Washer Reservoir Cap
PPS-21437472,1.16,1.04,0.81,2.17,Volvo,Pro Parts Sweden,Exterior Body,Exterior Body - Windshield,Washer Reservoir Cap
BOS-0390241328,130.75,117.68,91.53,244.50,Volvo,Bosch,Exterior Body,Exterior Body - Windshield,Windshield Wiper Motor
6637,5.20,4.68,3.64,9.72,Volkswagen,NGK,Engine,Engine - Spark Plugs,Spark Plug
VOL-8692072,49.99,44.99,34.99,93.48,Volvo,Genuine Volvo,Engine,Engine - Spark Plugs,Spark Plug Kit
272193,21.10,18.99,14.77,39.46,Volvo,Bougicord,Engine,Engine - Spark Plugs,Ignition Wire Set
BOS-0227100124,32.52,29.27,22.76,60.81,Volvo,Bosch,Engine,Engine - Ignition,Ignition Module
VOL-31261186,34.72,31.25,24.30,64.93,Volvo,Genuine Volvo,Brake,Brake - Brake Pads,Disc Brake Pad
ATE-602935,27.80,25.02,19.46,51.99,Volvo,ATE,Brake,Brake - Brake Pads,Disc Brake Pad
BRE-08776810,30.93,27.84,21.65,57.84,Volvo,Brembo,Brake,Brake - Brake Discs,Disc Brake Rotor Rear
PPS-51431282,13.36,12.02,9.35,24.98,Volvo,Pro Parts Sweden,Brake,Brake - Brake Calipers,Disc Brake Caliper Repair Kit
PPS-51993673,,,,,Volvo,Pro Parts Sweden,Brake,Brake - Brake Calipers,Disc Brake Bleeder Screw
PPS-83432430,19.10,17.19,13.37,35.72,Volvo,Pro Parts Sweden,Exterior Body,Exterior Body - Door,Door Handle
9128136,24.85,22.37,17.40,46.47,Volvo,KAE,Exterior Body,Exterior Body - Rear Window,Wiper Relay
64152,6.22,5.60,4.35,11.63,Audi,Osram,Exterior Body,Exterior Body - Exterior Lighting,Fog Light Bulb
91151133101,8.28,7.45,5.80,15.48,Porsche,Stabilus,Exterior Body,Exterior Body - Hood,Hood Lift Support
CRP-94437504204FE,5.00,4.50,3.50,9.35,Porsche,CRP,Engine,Engine - Mounts,Engine Mount
MER-0005454206,37.95,34.16,26.57,70.97,Mercedes-Benz,Genuine Mercedes,Transmission,Transmission - Automatic Transmission,Neutral Safety Switch
HEL-003631021,10.35,9.32,7.25,19.35,Mercedes-Benz,Hella,Interior Body,Interior Body - Interior Switches,Hazard Warning Switch
BOS-0261231038,17.55,15.80,12.29,32.82,Audi,Bosch,Engine,Engine - Switches and Sensors,Knock Sensor
BOS-0280217117,124.00,111.60,86.80,231.88,Volkswagen,Bosch,Air Intake,Air Intake - Mass Air Flow Sensors,Mass Air Flow Sensor
BOS-0280218034,92.59,83.33,64.81,173.14,Audi,Bosch,Air Intake,Air Intake - Mass Air Flow Sensors,Mass Air Flow Sensor
STI-5012,35.55,32.00,24.89,66.48,Volkswagen,STI,Engine,Engine - Ignition,Ignition Coil
VDO-408237111004Z,189.58,170.62,132.71,354.51,Volkswagen,VDO,Air Intake,Air Intake - Throttle Body,Fuel Injection Throttle Body
CRP-038103601NAFE,28.81,25.93,20.17,53.87,Volkswagen,CRP,Engine,Engine - Oil Filters and Lubrication,Engine Oil Pan
BOS-04155,30.28,27.25,21.20,56.62,Porsche,Bosch,Engine,Engine - Distributor,Distributor Rotor
BOS-04216,11.21,10.09,7.85,20.96,Porsche,Bosch,Engine,Engine - Distributor,Distributor Rotor
TBT11200,28.73,25.86,20.11,53.73,Audi,SKF,Engine,Engine - Timing,Engine Timing Belt Tensioner Roller
INA-5320163100,17.66,15.89,12.36,33.02,Audi,INA,Engine,Engine - Timing,Engine Timing Belt Roller
BEH-376732021,53.00,47.70,37.10,99.11,Audi,Behr,Cooling System,Cooling System - Cooling Fan,Engine Cooling Fan Clutch
ZIM-150126952,51.93,46.74,36.35,97.11,BMW,Zimmermann,Brake,Brake - Brake Discs,Disc Brake Rotor
ZIM-150127252,48.47,43.62,33.93,90.64,BMW,Zimmermann,Brake,Brake - Brake Discs,Disc Brake Rotor
BRE-08691110,24.44,22.00,17.11,45.70,Audi,Brembo,Brake,Brake - Brake Discs,Disc Brake Rotor
ZIM-150128852,58.21,52.39,40.75,108.85,BMW,Zimmermann,Brake,Brake - Brake Discs,Disc Brake Rotor
ZIM-150129452,65.46,58.91,45.82,122.41,BMW,Zimmermann,Brake,Brake - Brake Discs,Disc Brake Rotor
FEB-01439,71.59,64.43,50.11,133.87,Mercedes-Benz,Febi,Engine,Engine - Drive Belt Tensioner,Accessory Belt Tensioner
MEY-0160406059,21.56,19.40,15.09,40.32,Mercedes-Benz,Meyle,Steering,Steering - Center Links,Steering Drag Link
FEB-04001,42.77,38.49,29.94,79.98,Mercedes-Benz,Febi,Engine,Engine - Timing,Belt Tensioner
BMW-11281736857,74.81,67.33,52.37,139.89,BMW,Genuine BMW,Engine,Engine - Drive Belt Tensioner,Belt Tensioner
CRP-11331264519EC,0.38,0.34,0.27,0.71,BMW,CRP,Engine,Engine - Cylinder Head and Components,Engine Rocker Arm Shaft End Plug
FEB-01693,25.86,23.27,18.10,48.36,Mercedes-Benz,Febi,Suspension,Suspension - Control Arms and Bushings,Suspension Control Arm Repair Kit
CRP-12621288158,2.87,2.58,2.01,5.37,BMW,Meistersatz,Cooling System,Cooling System - Coolant Temperature Sensor,Engine Coolant Temperature Sensor
MAR-LRA090,51.59,46.43,36.11,96.47,Porsche,Magneti Marelli,Exterior Body,Exterior Body - Exterior Lighting,Headlight Lens
PPS-34430001,56.03,50.43,39.22,104.77,Volvo,Pro Parts Sweden,Exterior Body,Exterior Body - Exterior Lighting,E Code Headlight Assembly Left
MEY-1009550011,29.72,26.75,20.80,55.58,Volkswagen,Meyle,Exterior Body,Exterior Body - Windshield,Windshield Wiper Motor
FEB-09088,8.70,7.83,6.09,16.27,Volkswagen,Febi,Exterior Body,Exterior Body - Windshield,Windshield Washer Pump
BMW-31121129363,141.72,127.55,99.20,265.02,BMW,Genuine BMW,Suspension,Suspension - Control Arms and Bushings,Suspension Control Arm
MEY-3003112903,9.27,8.34,6.49,17.33,BMW,Meyle,Suspension,Suspension - Control Arms and Bushings,Suspension Control Arm Bushing Kit
BMW-32111094674,86.27,77.64,60.39,161.32,BMW,Genuine BMW,Steering,Steering - Tie Rods,Steering Tie Rod Assembly
TRW-JTE766,19.74,17.77,13.82,36.91,BMW,TRW,Steering,Steering - Tie Rods,Steering Tie Rod End
FEB-12380,51.89,46.70,36.32,97.03,BMW,Febi,Steering,Steering - Center Links,Steering Drag Link
CRP-33311130488FE,6.39,5.75,4.47,11.95,BMW,CRP,Suspension,Suspension - Suspension Subframe,Suspension Subframe Bushing
CRP-AVE0018R,6.65,5.99,4.66,12.44,Volkswagen,Rein,Engine,Engine - Mounts,Engine Mount
CRP-AVE0246R,12.77,11.49,8.94,23.88,Audi,Rein,Engine,Engine - Mounts,Engine Mount
BRU-ZM027,66.91,60.22,46.84,125.12,Audi,Beru,Engine,Engine - Ignition,Ignition Control Module
FEB-14310,51.16,46.04,35.81,95.67,Audi,Febi,Suspension,Suspension - Control Arms and Bushings,Suspension Control Arm and Ball Joint Assembly
CRP-AVQ0023R,2.21,1.99,1.55,4.13,Audi,Rein,Suspension,Suspension - Shock and Struts,Shock Mount
JBJ251,15.06,13.55,10.54,28.16,Saab,TRW,Suspension,Suspension - Ball Joints,Suspension Ball Joint
90042349800,13.47,12.12,9.43,25.19,Porsche,Canyon Engine Components,Clutch and Flywheel,Clutch and Flywheel - Clutch Pedal,Clutch Pedal Bushing Kit
CRP-9270240EC,6.97,6.27,4.88,13.03,Saab,Meistersatz,Exterior Body,Exterior Body - Hood,Hood Lift Support
STB-SG306002,12.87,11.58,9.01,24.07,Porsche,Stabilus,Exterior Body,Exterior Body - Hood,Hood Lift Support
92860620301,37.74,33.97,26.42,70.57,Porsche,FAE,Engine,Engine - Switches and Sensors,Engine Oil Pressure Sensor
93010723302,14.14,12.73,9.90,26.44,Porsche,OEM Supplier,Engine,Engine - Oil Filters and Lubrication,Engine Oil Hose
INA-5320048100,16.25,14.63,11.38,30.39,Porsche,INA,Engine,Engine - Timing,Engine Timing Belt Roller
94410716598,24.32,21.89,17.02,45.48,Porsche,OEM Supplier,Engine,Engine - Oil Filters and Lubrication,Engine Oil Cooler Seal Kit
STB-SG206004,14.60,13.14,10.22,27.30,Porsche,Stabilus,Exterior Body,Exterior Body - Hatch,Hatch Lift Support
POR-95110624503,27.66,24.89,19.36,51.72,Porsche,Genuine Porsche,Cooling System,Cooling System - Cooling Hoses,Radiator Coolant Hose
POR-95110632202,14.63,13.17,10.24,27.36,Porsche,Genuine Porsche,Cooling System,Cooling System - Cooling Hoses,Engine Coolant Hose
96461362100,27.84,25.06,19.49,52.06,Porsche,OEM Supplier,Interior Body,Interior Body - Door and Window,Door Window Switch
ZIM-460152020,74.77,67.29,52.34,139.82,Porsche,Zimmermann,Brake,Brake - Brake Discs,Disc Brake Rotor
A905,78.33,70.50,54.83,146.48,Audi,Robert Bentley,Merchandise and Accessories,Merchandise and Accessories - Repair Manuals,CD-ROM Repair Manual
HIT-MAF0020,125.22,112.70,87.65,234.16,Audi,Hitachi,Air Intake,Air Intake - Mass Air Flow Sensors,Mass Air Flow Sensor
AMR2496,9.73,8.76,6.81,18.20,Land Rover,Eurospare,Interior Body,Interior Body - Door and Window,Door Window Switch
B390,36.44,32.80,25.51,68.14,BMW,Robert Bentley,Merchandise and Accessories,Merchandise and Accessories - Repair Manuals,Repair Manual
B595,52.46,47.21,36.72,98.10,BMW,Robert Bentley,Merchandise and Accessories,Merchandise and Accessories - Repair Manuals,Repair Manual
C8673,1.81,1.63,1.27,3.38,Jaguar,Eurospare,Suspension,Suspension - Control Arms and Bushings,Control Arm Bushing Tool
CAC9938E,11.63,10.47,8.14,21.75,Jaguar,Eurospare,Suspension,Suspension - Ball Joints,Suspension Ball Joint
AKE-EUR1065,66.08,59.47,46.26,123.57,Jaguar,Akebono,Brake,Brake - Brake Pads,Disc Brake Pad
AKE-EUR644,57.39,51.65,40.17,107.32,Saab,Akebono,Brake,Brake - Brake Pads,Disc Brake Pad
AKE-EUR687,58.72,52.85,41.10,109.81,Volkswagen,Akebono,Brake,Brake - Brake Pads,Disc Brake Pad
AKE-EUR805,60.11,54.10,42.08,112.41,Jaguar,Akebono,Brake,Brake - Brake Pads,Disc Brake Pad
AKE-EUR838,36.68,33.01,25.68,68.59,Volvo,Akebono,Brake,Brake - Brake Pads,Disc Brake Pad
AKE-EUR910,64.58,58.12,45.21,120.76,Jaguar,Akebono,Brake,Brake - Brake Pads,Disc Brake Pad
MEY-18146100002,7.96,7.16,5.57,14.89,Jaguar,Meyle,Suspension,Suspension - Control Arms and Bushings,Suspension Control Arm Bushing
P983,75.94,68.35,53.16,142.01,Porsche,Robert Bentley,Merchandise and Accessories,Merchandise and Accessories - Repair Manuals,Repair Manual
POR1400,38.00,34.20,26.60,71.06,Porsche,Techna-Fit,Brake,Brake - Brake Hoses,Brake Hydraulic Line
BOS-SR0808N,164.94,148.45,115.46,308.44,Porsche,Bosch,Engine,Engine - Starter,Starter Motor
V179,28.37,25.53,19.86,53.05,Volkswagen,Robert Bentley,Merchandise and Accessories,Merchandise and Accessories - Repair Manuals,Repair Manual
VA35,80.91,72.82,56.64,151.30,Volkswagen,Robert Bentley,Merchandise and Accessories,Merchandise and Accessories - Repair Manuals,CD-ROM Repair Manual
VB45,65.69,59.12,45.98,122.84,Volkswagen,Robert Bentley,Merchandise and Accessories,Merchandise and Accessories - Repair Manuals,CD-ROM Repair Manual
VG99,52.07,46.86,36.45,97.37,Volkswagen,Robert Bentley,Merchandise and Accessories,Merchandise and Accessories - Repair Manuals,Repair Manual
VT45,69.96,62.96,48.97,130.83,Volkswagen,Robert Bentley,Merchandise and Accessories,Merchandise and Accessories - Repair Manuals,Repair Manual
BOS-WR8DS,4.10,3.69,2.87,7.67,Porsche,Bosch,Engine,Engine - Spark Plugs,Spark Plug
VOL-9146937,22.35,20.12,15.65,41.79,Volvo,Genuine Volvo,Engine,Engine - Timing,Engine Timing Cover
VOL-9137406,117.55,105.80,82.29,219.82,Volvo,Genuine Volvo,AC and Climate Control,AC and Climate Control - AC Hoses and Pipes,A/C Hose Assembly
VOL-8626185,134.78,121.30,94.35,252.04,Volvo,Genuine Volvo,Interior Body,Interior Body - Door and Window,Door Lock Assembly
VOL-6818223,5.03,4.53,3.52,9.41,Volvo,Genuine Volvo,Interior Body,Interior Body - Glove Box and Parts,Glove Box Brace
VC94,90.74,81.67,63.52,169.68,Volkswagen,Robert Bentley,Merchandise and Accessories,Merchandise and Accessories - Repair Manuals,Repair Manual
HAY-97020,13.20,11.88,9.24,24.68,Volvo,Haynes,Merchandise and Accessories,Merchandise and Accessories - Repair Manuals,Repair Manual
VOL-3539655,44.02,39.62,30.81,82.32,Volvo,Genuine Volvo,Interior Body,Interior Body - Seat,Seat Flex Cable
VOL-3509066,73.13,65.82,51.19,136.75,Volvo,Genuine Volvo,Exterior Body,Exterior Body - Fuel Door,Fuel Door Lock Actuator
9171429,45.38,40.84,31.77,84.86,Volvo,TYC,AC and Climate Control,AC and Climate Control - Blower Motor,HVAC Blower Motor
BOS-4025,2.02,1.82,1.41,3.78,Audi,Bosch,Engine,Engine - Spark Plugs,Spark Plug
VOL-6842734,15.48,13.93,10.84,28.95,Volvo,Genuine Volvo,Engine,Engine - Spark Plugs,Ignition Coil Wire
BOS-15099,79.27,71.34,55.49,148.23,Volvo,Bosch,Exhaust,Exhaust - Oxygen Sensor,Oxygen Sensor
BOS-13381,99.09,89.18,69.36,185.30,Volvo,Bosch,Exhaust,Exhaust - Oxygen Sensor,Oxygen Sensor
BOS-0261230018,55.35,49.82,38.75,103.50,Volvo,Bosch,Fuel System Parts,Fuel System Parts - Fuel Injection,Barometric Pressure Sensor
6842167,23.58,21.22,16.51,44.09,Volvo,Mackay,Air Intake,Air Intake - Intercooler System,Intercooler Hose
1264859,11.13,10.02,7.79,20.81,Volvo,MTC,Transmission,Transmission - Manual Transmission,Shifter Boot
VOL-1308024,102.70,92.43,71.89,192.05,Volvo,Genuine Volvo,Engine,Engine - Switches and Sensors,Speedometer Transmitter
CRP-81004500,12.40,11.16,8.68,23.19,BMW,AJUSA,Engine,Engine - Cylinder Head and Components,Engine Cylinder Head Bolt Set
VOL-1203270,16.91,15.22,11.84,31.62,Volvo,Genuine Volvo,Exterior Body,Exterior Body - Body Moulding,Mud Flap
ELR-758338,20.12,18.11,14.08,37.62,Volvo,Elring,Engine,Engine - Cylinder Head and Components,Engine Cylinder Head Gasket
271393,12.11,10.90,8.48,22.65,Volvo,Elwis,Engine,Engine - Cylinder Head and Components,Engine Valve Cover Gasket Set
CRP-10X1075,2.88,2.59,2.02,5.39,Volkswagen,Contitech,Engine,Engine - Drive Belts,Accessory Drive Belt
CRP-10X800,2.24,2.02,1.57,4.19,Volvo,Contitech,Engine,Engine - Drive Belts,Accessory Drive Belt
CRP-10X1125,2.90,2.61,2.03,5.42,Mercedes-Benz,Contitech,Engine,Engine - Drive Belts,Accessory Drive Belt
CRP-6K1642,8.82,7.94,6.17,16.49,Volvo,Contitech,Engine,Engine - Drive Belts,Serpentine Belt
1357919,3.66,3.29,2.56,6.84,Volvo,DEA,Engine,Engine - Mounts,Engine Mount
9017M,192.87,173.58,135.01,360.67,Volvo,Maval,Steering,Steering - Steering Rack,Rack and Pinion Complete Unit
BSL-254934,11.63,10.47,8.14,21.75,Volvo,Bosal,Exhaust,Exhaust - Exhaust Hardware,Exhaust Clamp
BSL-328187,21.87,19.68,15.31,40.90,Volvo,Bosal,Exhaust,Exhaust - Exhaust Tail Pipe,Exhaust Tail Pipe
VOL-9135404,85.43,76.89,59.80,159.75,Volvo,Genuine Volvo,Fuel System Parts,Fuel System Parts - EGR,EGR Temperature Sensor
PIE-721857010,218.20,196.38,152.74,408.03,Volvo,Pierburg,Air Intake,Air Intake - Air Pump,Air Pump
VOL-9179300,33.15,29.84,23.21,61.99,Volvo,Genuine Volvo,Air Intake,Air Intake - Air Intake Hose,Engine Air Intake Hose
BOS-1231324221,51.03,45.93,35.72,95.43,Volvo,Bosch,Engine,Engine - Distributor,Impulse Sensor
VOL-9470330,141.58,127.42,99.11,264.75,Volvo,Genuine Volvo,Engine,Engine - Crankcase,Engine Coolant Hose and Crankcase Breather Hose Assembly
STA-12773,36.29,32.66,25.40,67.86,Volvo,Starla,Exhaust,Exhaust - Exhaust Muffler,Exhaust Muffler
VOL-1357434,63.61,57.25,44.53,118.95,Volvo,Genuine Volvo,Air Intake,Air Intake - Air Intake Hose,Engine Air Intake Hose
REI-703659700,2.44,2.20,1.71,4.56,Volvo,Reinz,Fuel System Parts,Fuel System Parts - Fuel Injection,Fuel Injector Seal
SAC-K7055101,279.40,251.46,195.58,522.48,Volvo,Sachs,Clutch and Flywheel,Clutch and Flywheel - Clutch Kit,Clutch Kit
VOL-1397077,10.20,9.18,7.14,19.07,Volvo,Genuine Volvo,Clutch and Flywheel,Clutch and Flywheel - Clutch Pilot Bearing,Pilot Bearing
VOL-3531138,224.48,202.03,157.14,419.78,Volvo,Genuine Volvo,Fuel System Parts,Fuel System Parts - EGR,EGR Vacuum Solenoid
3545803,15.18,13.66,10.63,28.39,Volvo,KAE,Interior Body,Interior Body - Relays,Fuel Injection Relay
BOS-17036,92.21,82.99,64.55,172.43,Volvo,Bosch,Exhaust,Exhaust - Oxygen Sensor,Oxygen Sensor
VOL-3540728,60.89,54.80,42.62,113.86,Volvo,Genuine Volvo,Exterior Body,Exterior Body - Door,Outside Door Handle
STA-8156,8.66,7.79,6.06,16.19,Volvo,Starla,Exhaust,Exhaust - Exhaust Pipes,Exhaust Pipe
STA-17570,62.01,55.81,43.41,115.96,Volvo,Starla,Exhaust,Exhaust - Exhaust Pipes,Exhaust Pipe
357611019B,49.92,44.93,34.94,93.35,Volkswagen,TRW,Brake,Brake - Brake Master Cylinders,Brake Master Cylinder
OEM-8251319,59.81,53.83,41.87,111.84,Volvo,Genuine Volvo,Brake,Brake - Brake Calipers,Disc Brake Caliper Bracket
ATE-010599,81.54,73.39,57.08,152.48,Volvo,ATE,Brake,Brake - Brake Master Cylinders,Brake Master Cylinder
BMW-51331977609,111.85,100.67,78.30,209.16,BMW,Genuine BMW,Interior Body,Interior Body - Door and Window,Window Regulator
VOL-30617267,105.85,95.27,74.10,197.94,Volvo,Genuine Volvo,Transmission,Transmission - Automatic Transmission,AT Solenoid
DEN-2344734,89.10,80.19,62.37,166.62,Volvo,Denso,Exhaust,Exhaust - Oxygen Sensor,Oxygen Sensor
BOS-7927,1.59,1.43,1.11,2.97,Mercedes-Benz,Bosch,Engine,Engine - Spark Plugs,Spark Plug
FAG-7136101500,21.09,18.98,14.76,39.44,Audi,FAG,Drivetrain and Axle,Drivetrain and Axle - Wheel Bearings,Wheel Bearing Kit
BHN183,60.39,54.35,42.27,112.93,Volkswagen,Lucas,Brake,Brake - Brake Calipers,Disc Brake Caliper
272429,19.66,17.69,13.76,36.76,Volvo,Eurospare,Brake,Brake - Brake Discs,Disc Brake Rotor
STA-13360,12.04,10.84,8.43,22.51,Volvo,Starla,Exhaust,Exhaust - Exhaust Pipes,Exhaust Pipe
BRE-09772011,28.20,25.38,19.74,52.73,Volvo,Brembo,Brake,Brake - Brake Discs,Disc Brake Rotor
VOL-9202134,198.80,178.92,139.16,371.76,Volvo,Genuine Volvo,Engine,Engine - Switches and Sensors,Engine Camshaft Position Sensor
573142JAS,66.52,59.87,46.56,124.39,Volvo,Jurid,Brake,Brake - Brake Pads,Disc Brake Pad
7566433,2.62,2.36,1.83,4.90,Saab,Elwis,Engine,Engine - Oil Filters and Lubrication,Engine Oil Filter Adapter Gasket
7507700,2.60,2.34,1.82,4.86,Saab,Elwis,Engine,Engine - Turbocharger,Turbocharger Oil Line Gasket
269308,30.73,27.66,21.51,57.47,Saab,Glyco,Engine,Engine - Engine Block and Components,Engine Connecting Rod Bearing Set
BMW-31122228462,230.00,207.00,161.00,430.10,BMW,Genuine BMW,Suspension,Suspension - Control Arms and Bushings,Suspension Control Arm and Ball Joint Assembly
4121810,6.91,6.22,4.84,12.92,Saab,Mackay,Cooling System,Cooling System - Cooling Hoses,Radiator Coolant Hose
PPS-47990423,0.67,0.60,0.47,1.25,Uncategorized,Pro Parts Sweden,Drivetrain and Axle,Drivetrain and Axle - CV Joint,Axle Boot Clamp Kit
BMW-11617501562,45.58,41.02,31.91,85.23,BMW,Genuine BMW,Air Intake,Air Intake - Intake Manifolds,Engine Intake Manifold Cover
3522587,0.63,0.57,0.44,1.18,Volvo,Four Seasons,AC and Climate Control,AC and Climate Control - AC O-Rings,A/C Line O-Ring
VOL-6817476,3.90,3.51,2.73,7.29,Volvo,Genuine Volvo,Exterior Body,Exterior Body - License Plate,License Plate Spacer
REI-701060810,0.43,0.39,0.30,0.80,Mercedes-Benz,Reinz,Cooling System,Cooling System - Water Pump,Engine Water Pump Housing Gasket
MER-1072412213,98.90,89.01,69.23,184.94,Mercedes-Benz,Genuine Mercedes,Engine,Engine - Mounts,Engine Mount
ELR-829056,6.91,6.22,4.84,12.92,Volkswagen,Elring,Engine,Engine - Engine Block and Components,Engine Crankshaft Seal
VOL-3514480,107.92,97.13,75.54,201.81,Volvo,Genuine Volvo,Air Intake,Air Intake - Air Intake Hose,Engine Air Intake Hose
PPS-51431306,,,,,Volvo,Pro Parts Sweden,Brake,Brake - Brake Calipers,Disc Brake Caliper Guide Pin Kit
BMW1200,48.00,43.20,33.60,89.76,BMW,Techna-Fit,Brake,Brake - Brake Hoses,Brake Hose
1336711,23.42,21.08,16.39,43.80,Volvo,MTC,Air Intake,Air Intake - Air Intake Boot,Engine Air Intake Hose
8601785,71.74,64.57,50.22,134.15,Volvo,FTE,Clutch and Flywheel,Clutch and Flywheel - Clutch Master Cylinder,Clutch Master Cylinder
PPS-41432682,2.47,2.22,1.73,4.62,Volvo,Pro Parts Sweden,Interior Body,Interior Body - Shifter Handle,Manual Trans Shift Knob Cap
1234700875,11.63,10.47,8.14,21.75,Mercedes-Benz,Cohline,Fuel System Parts,Fuel System Parts - Fuel Tank,Fuel Tank Exit Hose
MER-0007664406,8.86,7.97,6.20,16.57,Mercedes-Benz,Genuine Mercedes,Merchandise and Accessories,Merchandise and Accessories - Keys and Fobs,Key Blank Head
SAC-230303,81.21,73.09,56.85,151.86,Volvo,Sachs,Suspension,Suspension - Shock and Struts,Shock Absorber
MEY-5143080001,5.95,5.36,4.17,11.13,Volvo,Meyle,Suspension,Suspension - Control Arms and Bushings,Suspension Control Arm Bushing
VOL-30652259,53.40,48.06,37.38,99.86,Volvo,Genuine Volvo,Suspension,Suspension - Shock and Struts,Suspension Strut Mount
95560210105,29.45,26.51,20.62,55.07,Volkswagen,Beru,Engine,Engine - Ignition,Direct Ignition Coil
VOL-30664535,77.50,69.75,54.25,144.93,Volvo,Genuine Volvo,Interior Body,Interior Body - Shifter Handle,Auto Trans Shift Lever Knob
BMW-13711285479,20.13,18.12,14.09,37.64,BMW,Genuine BMW,Air Intake,Air Intake - Air Intake Boot,Engine Intake Boot
CRP-TB292,8.57,7.71,6.00,16.03,Volkswagen,Contitech,Engine,Engine - Timing,Engine Timing Belt
SAC-SN3752,81.44,73.30,57.01,152.29,Porsche,Sachs,Clutch and Flywheel,Clutch and Flywheel - Clutch Release Bearing,Clutch Release Bearing
893721401D,46.16,41.54,32.31,86.32,Audi,FTE,Clutch and Flywheel,Clutch and Flywheel - Clutch Master Cylinder,Clutch Master Cylinder
CRP-TB170,5.31,4.78,3.72,9.93,Audi,Contitech,Engine,Engine - Timing,Engine Timing Belt
BSL-235185,104.48,94.03,73.14,195.38,Volvo,Bosal,Exhaust,Exhaust - Exhaust Muffler,Exhaust Muffler
MEY-1001090059,18.93,17.04,13.25,35.40,Volkswagen,Meyle,Engine,Engine - Timing,Engine Timing Belt Tensioner Roller
VOL-9171783,6.58,5.92,4.61,12.30,Volvo,Genuine Volvo,AC and Climate Control,AC and Climate Control - AC Evaporator,A/C Evaporator Core Seal
BOS-0280130039,14.80,13.32,10.36,27.68,Volkswagen,Bosch,Engine,Engine - Switches and Sensors,Air Temperature Sensor
VOL-30644343,111.76,100.58,78.23,208.99,Volvo,Genuine Volvo,Air Intake,Air Intake - Air Intake Hose,Fuel Injection Air Flow Meter Boot
CRP-CHR0356R,14.57,13.11,10.20,27.25,Volvo,Rein,Cooling System,Cooling System - Cooling Hoses,Radiator Coolant Hose
CRP-CHH0511,6.39,5.75,4.47,11.95,Volvo,Rein,AC and Climate Control,AC and Climate Control - Heater Hose,Heater Hose
VEM-V95031364,147.19,132.47,103.03,275.25,Volvo,Vemo,AC and Climate Control,AC and Climate Control - Blower Motor,HVAC Blower Motor
4086682,42.50,38.25,29.75,79.48,Saab,Facet,Cooling System,Cooling System - Cooling Fan,Engine Cooling Fan Switch
VOL-463524,15.95,14.36,11.17,29.83,Volvo,Genuine Volvo,AC and Climate Control,AC and Climate Control - Heater Hose,Heater Hose
MEY-5143080002,8.77,7.89,6.14,16.40,Volvo,Meyle,Suspension,Suspension - Control Arms and Bushings,Suspension Control Arm Bushing
30865267,93.53,84.18,65.47,174.90,Volvo,TYC,Exterior Body,Exterior Body - Exterior Lighting,Headlight Assembly
MEY-5160200020,8.02,7.22,5.61,15.00,Volvo,Meyle,Steering,Steering - Tie Rods,Tie Rod End
VOL-30630070,93.71,84.34,65.60,175.24,Volvo,Genuine Volvo,Engine,Engine - Mounts,Engine Mount
VOL-30896690,53.87,48.48,37.71,100.74,Volvo,Genuine Volvo,Exterior Body,Exterior Body - Exterior Lighting,Turn Signal Assembly
MEY-3160503808,54.81,49.33,38.37,102.49,BMW,Meyle,Suspension,Suspension - Control Arms and Bushings,Suspension Control Arm and Ball Joint Assembly
93010541915,13.62,12.26,9.53,25.47,Porsche,AE,Engine,Engine - Cylinder Head and Components,Engine Exhaust Valve
AKE-EUR394A,60.20,54.18,42.14,112.57,Jaguar,Akebono,Brake,Brake - Brake Pads,Disc Brake Pad
BOS-SR37X,56.78,51.10,39.75,106.18,Volvo,Bosch,Engine,Engine - Starter,Starter Motor
BOS-AL57X,106.83,96.15,74.78,199.77,Volvo,Bosch,Engine,Engine - Alternator,Alternator
AKE-EUR760,66.08,59.47,46.26,123.57,Mercedes-Benz,Akebono,Brake,Brake - Brake Pads,Disc Brake Pad
25452705,70.43,63.39,49.30,131.70,Mercedes-Benz,KAE,Interior Body,Interior Body - Relays,Fuel Pump Relay
ELR-900125,52.94,47.65,37.06,99.00,Mercedes-Benz,Elring,Engine,Engine - Cylinder Head and Components,Engine Cylinder Head Gasket Set
ELR-266260,1.76,1.58,1.23,3.29,BMW,Elring,Air Intake,Air Intake - Intake Manifolds,Engine Air Intake Manifold Gasket
59103193,6.49,5.84,4.54,12.14,Audi,Kolb,Engine,Engine - Oil Filters and Lubrication,Engine Oil Drain Plug
9144328,16.38,14.74,11.47,30.63,Volvo,ACM,AC and Climate Control,AC and Climate Control - AC Receiver Drier Accumulator,A/C Accumulator
1259519,8.06,7.25,5.64,15.07,Volvo,Santech,AC and Climate Control,AC and Climate Control - AC Switches Relays Sensors,A/C Pressure In Cycle Switch
VOL-9134032,78.46,70.61,54.92,146.72,Volvo,Genuine Volvo,AC and Climate Control,AC and Climate Control - AC Conversion Kit,A/C Filler Adapter Kit
VOL-985869,2.51,2.26,1.76,4.69,Volvo,Genuine Volvo,Suspension,Suspension - Sway Bars,Suspension Stabilizer Bar Link Nut
VOL-9191271,150.40,135.36,105.28,281.25,Volvo,Genuine Volvo,Steering,Steering - Power Steering Hose,Power Steering Hose
ATE-010921,85.60,77.04,59.92,160.07,Volvo,ATE,Brake,Brake - Brake Master Cylinders,Brake Master Cylinder
1363580,30.79,27.71,21.55,57.58,Volvo,KAE,Transmission,Transmission - Automatic Transmission,Neutral Safety Switch
MAH-KC22,5.80,5.22,4.06,10.85,Mercedes-Benz,Mahle,Fuel System Parts,Fuel System Parts - Fuel Filters,Fuel Filter
VOL-9470840,351.73,316.56,246.21,657.74,Volvo,Genuine Volvo,Fuel System Parts,Fuel System Parts - Fuel Level Sending Unit,Fuel Tank Sending Unit
9190904,50.90,45.81,35.63,95.18,Volvo,TYC,Exterior Body,Exterior Body - Exterior Lighting,Fog Light Assembly
PPS-34433796,,,,,Volvo,Pro Parts Sweden,Exterior Body,Exterior Body - Exterior Lighting,Fog Light Assembly
8693337,39.87,35.88,27.91,74.56,Volvo,TYC,Exterior Body,Exterior Body - Exterior Lighting,Fog Light Assembly
VOL-1220763,63.16,56.84,44.21,118.11,Volvo,Genuine Volvo,Clutch and Flywheel,Clutch and Flywheel - Clutch Forks,Clutch Release Arm
POL604,17.60,15.84,12.32,32.91,BMW,Aftermarket,Suspension,Suspension - Control Arms and Bushings,Suspension Control Arm Bushing
MEY-0140350010,4.83,4.35,3.38,9.03,Mercedes-Benz,Meyle,Drivetrain and Axle,Drivetrain and Axle - Differential,Differential Mount
AKE-EUR676,58.72,52.85,41.10,109.81,Land Rover,Akebono,Brake,Brake - Brake Pads,Disc Brake Pad
BOS-15088,69.45,62.51,48.62,129.87,Mercedes-Benz,Bosch,Exhaust,Exhaust - Oxygen Sensor,Oxygen Sensor
AKE-EUR839,88.12,79.31,61.68,164.78,Volkswagen,Akebono,Brake,Brake - Brake Pads,Disc Brake Pad
5232756,39.78,35.80,27.85,74.39,Saab,Pilenga,Brake,Brake - Brake Discs,Disc Brake Rotor
BMW-51311822185,209.02,188.12,146.31,390.87,BMW,Genuine BMW,Exterior Body,Exterior Body - Windshield,Windshield Seal
VOL-9467896,57.27,51.54,40.09,107.09,Volvo,Genuine Volvo,Exterior Body,Exterior Body - Exterior Lighting,Turn Signal / Parking Light
VOL-9135666,22.92,20.63,16.04,42.86,Volvo,Genuine Volvo,Air Intake,Air Intake - Air Pump,Air Check Valve
BMW-51338254912,150.00,135.00,105.00,280.50,BMW,Genuine BMW,Interior Body,Interior Body - Door and Window,Window Regulator
BMW-51337202480,247.00,222.30,172.90,461.89,BMW,Genuine BMW,Interior Body,Interior Body - Door and Window,Window Regulator
DEL-SS10303,25.07,22.56,17.55,46.88,BMW,Delphi,Brake,Brake - ABS,ABS Wheel Speed Sensor
VOL-30778952,96.00,86.40,67.20,179.52,Volvo,Genuine Volvo,Engine,Engine - Mounts,Engine Mount
10-806,171.69,154.52,120.18,321.06,Volvo,Air Products,AC and Climate Control,AC and Climate Control - AC Compressor,A/C Compressor
INA-5310391100,58.05,52.25,40.64,108.55,BMW,INA,Engine,Engine - Drive Belt Pulleys,A/C Drive Belt Tensioner Pulley
BOS-0438170017,97.04,87.34,67.93,181.46,Mercedes-Benz,Bosch,Fuel System Parts,Fuel System Parts - Fuel Injection,Fuel Accumulator
VOL-6842636,7.62,6.86,5.33,14.25,Volvo,Genuine Volvo,Exhaust,Exhaust - Exhaust Hardware,Exhaust System Hanger
BMW-61318368934,142.64,128.38,99.85,266.74,BMW,Genuine BMW,Interior Body,Interior Body - Seat,Seat Switch
64118372797A,73.59,66.23,51.51,137.61,BMW,ACM,AC and Climate Control,AC and Climate Control - Blower Motor,HVAC Heater Blower Motor
HEL-007646011,54.78,49.30,38.35,102.44,BMW,Hella,Exterior Body,Exterior Body - Exterior Lighting,Fog Light
BEH-351035041,82.89,74.60,58.02,155.00,BMW,Behr,AC and Climate Control,AC and Climate Control - AC Condenser,A/C Condenser
64548380774,140.68,126.61,98.48,263.07,BMW,ACM,AC and Climate Control,AC and Climate Control - AC Condenser,A/C Condenser Fan
VOL-3544164,83.18,74.86,58.23,155.55,Volvo,Genuine Volvo,Transmission,Transmission - Automatic Transmission,Neutral Safety Switch
FAG-6206B,7.05,6.35,4.94,13.18,Volvo,FAG,Drivetrain and Axle,Drivetrain and Axle - Wheel Bearings,Wheel Bearing
VOL-183839,54.01,48.61,37.81,101.00,Volvo,Genuine Volvo,Drivetrain and Axle,Drivetrain and Axle - Differential,Differential Pinion Bearing
MER-1267201446,177.10,159.39,123.97,331.18,Mercedes-Benz,Genuine Mercedes,Interior Body,Interior Body - Door and Window,Window Regulator
MER-1160940791,9.66,8.69,6.76,18.06,Mercedes-Benz,Genuine Mercedes,Engine,Engine - Crankcase,Engine Crankcase Breather Hose
270854,7.51,6.76,5.26,14.04,Volvo,Elwis,Cooling System,Cooling System - Thermostat,Thermostat Gasket Set
3503520,116.65,104.99,81.66,218.14,Volvo,Pimax,Interior Body,Interior Body - Door and Window,Window Regulator
FEB-08871,27.99,25.19,19.59,52.34,Mercedes-Benz,Febi,Exterior Body,Exterior Body - Window Seals,Back Glass Seal
DOR-741059,125.55,113.00,87.89,234.78,Volvo,Dorman,Interior Body,Interior Body - Door and Window,Window Regulator
CRP-5K1165,5.46,4.91,3.82,10.21,Audi,Contitech,Engine,Engine - Drive Belts,Serpentine Drive Belt
REI-613312040,17.28,15.55,12.10,32.31,Volkswagen,Reinz,Engine,Engine - Cylinder Head and Components,Engine Cylinder Head Gasket
BOS-1420113003,0.75,0.68,0.53,1.40,Mercedes-Benz,Bosch,Fuel System Parts,Fuel System Parts - Diesel Injection,Diesel Fuel Injector Pump Stop Solenoid Gasket
15861142,8.53,7.68,5.97,15.95,Mercedes-Benz,FTE,Brake,Brake - Brake Calipers,Disc Brake Caliper Repair Kit
HAY-3573,22.99,20.69,16.09,42.99,Volvo,Haynes,Merchandise and Accessories,Merchandise and Accessories - Repair Manuals,Repair Manual
VOL-9151632,97.04,87.34,67.93,181.46,Volvo,Genuine Volvo,Exterior Body,Exterior Body - Exterior Lighting,Tail Light Assembly
CTO-19026311B,5.06,4.55,3.54,9.46,Volvo,Corteco,Transmission,Transmission - Automatic Transmission,Auto Trans Extension Housing Seal 
ATE-360233,49.56,44.60,34.69,92.68,Volvo,ATE,Brake,Brake - ABS,ABS Wheel Speed Sensor
5007693,62.80,56.52,43.96,117.44,Mercedes-Benz,ACM,Cooling System,Cooling System - Cooling Fan,Engine Cooling Fan Motor
NSN-85290,155.00,139.50,108.50,289.85,Mercedes-Benz,Nissens,Cooling System,Cooling System - Cooling Fan,Engine Cooling Fan Motor
VOL-30630003,30.30,27.27,21.21,56.66,Volvo,Genuine Volvo,Suspension,Suspension - Coil Springs,Coil Spring Insulator
VOL-31400739,42.98,38.68,30.09,80.37,Volvo,Genuine Volvo,Brake,Brake - Brake Discs,Disc Brake Rotor
15001293,84.73,76.26,59.31,158.45,Mercedes-Benz,VDO,Cooling System,Cooling System - Cooling Fan,Auxiliary Engine Cooling Fan Assembly
ACM-07570034A,104.44,94.00,73.11,195.30,Mercedes-Benz,ACM,Cooling System,Cooling System - Cooling Fan,Auxiliary Engine Cooling Fan Assembly
VOL-6846630,19.37,17.43,13.56,36.22,Volvo,Genuine Volvo,Interior Body,Interior Body - Interior Lights,Dome Light
30623448,88.19,79.37,61.73,164.92,Volvo,Magneti Marelli,Interior Body,Interior Body - Door and Window,Window Regulator
BOS-13924,69.58,62.62,48.71,130.11,Porsche,Bosch,Exhaust,Exhaust - Oxygen Sensor,Oxygen Sensor
PPS-21431374,33.91,30.52,23.74,63.41,Volvo,Pro Parts Sweden,Engine,Engine - Engine Block and Components,Engine Connecting Rod Bearing
VOL-272442,64.37,57.93,45.06,120.37,Volvo,Genuine Volvo,Drivetrain and Axle,Drivetrain and Axle - CV Joint,CV Joint Boot Kit
BMW-33521129263,27.16,24.44,19.01,50.79,BMW,Genuine BMW,Suspension,Suspension - Shock and Struts,Shock Absorber Bellows
273191,5.84,5.26,4.09,10.92,Volvo,Mackay,Cooling System,Cooling System - Cooling Hoses,Radiator Hose
CRP-CHE0328R,2.04,1.84,1.43,3.81,Audi,Rein,Cooling System,Cooling System - Cooling Hoses,Engine Coolant Hose
CRP-CHE0139R,3.13,2.82,2.19,5.85,Audi,Rein,Cooling System,Cooling System - Cooling Hoses,Engine Coolant Hose
VOL-9485267,46.12,41.51,32.28,86.24,Volvo,Genuine Volvo,Brake,Brake - Brake Pads,Disc Brake Pad
BOR-53039880005,498.61,448.75,349.03,932.40,Audi,Borg Warner,Engine,Engine - Turbocharger,Turbocharger
REI-713170600,6.37,5.73,4.46,11.91,Audi,Reinz,Engine,Engine - Oil Filters and Lubrication,Engine Oil Pan Gasket
64541392913,67.41,60.67,47.19,126.06,BMW,TYC,AC and Climate Control,AC and Climate Control - AC Condenser,A/C Condenser Fan
VOL-3546020,11.10,9.99,7.77,20.76,Volvo,Genuine Volvo,Clutch and Flywheel,Clutch and Flywheel - Clutch Pedal,Clutch Pedal Pad
VOL-8653928,17.46,15.71,12.22,32.65,Volvo,Genuine Volvo,Transmission,Transmission - Automatic Transmission,Axle Differential Seal
WIPERGEAR3,25.00,22.50,17.50,46.75,Mercedes-Benz,Odometer Gears,Exterior Body,Exterior Body - Windshield,Windshield Wiper Motor Output Gear
679291,8.15,7.34,5.71,15.24,Volvo,OCAP,Steering,Steering - Tie Rods,Steering Tie Rod End
LEM-1202901,21.39,19.25,14.97,40.00,Volvo,Lemforder,Suspension,Suspension - Ball Joints,Suspension Ball Joint
REI-407603700,0.09,0.08,0.06,0.17,Porsche,Reinz,Fuel System Parts,Fuel System Parts - Fuel Injection,Fuel Injector O-Ring
BOS-0280217114,86.71,78.04,60.70,162.15,Mercedes-Benz,Bosch,Air Intake,Air Intake - Mass Air Flow Sensors,Mass Air Flow Sensor
91156419100,27.52,24.77,19.26,51.46,Porsche,OEM Supplier,Exterior Body,Exterior Body - Sunroof,Sunroof Seal
2025402144,67.02,60.32,46.91,125.33,Mercedes-Benz,OEM Supplier,Interior Body,Interior Body - Interior Switches,Combination Switch
FEB-32299,56.33,50.70,39.43,105.34,Volvo,Febi,Interior Body,Interior Body - Interior Switches,Turn Signal Switch
HJS-83111190,0.36,0.32,0.25,0.67,Volkswagen,Aftermarket,AC and Climate Control,AC and Climate Control - Heater Control,HVAC Heater Cable Barrel Nut
95142318901,20.02,18.02,14.01,37.44,Porsche,FTE,Clutch and Flywheel,Clutch and Flywheel - Clutch Hose,Clutch Hydraulic Hose
111953513F,23.13,20.82,16.19,43.25,Volkswagen,KMM,Interior Body,Interior Body - Interior Switches,Turn Signal Switch
VOL-1332032,43.64,39.28,30.55,81.61,Volvo,Genuine Volvo,Cooling System,Cooling System - Engine Coolant Pipe,Engine Coolant Pipe
REI-702580710,1.44,1.30,1.01,2.69,Porsche,Reinz,Cooling System,Cooling System - Water Pump,Engine Water Pump Gasket
VOL-1235339,67.54,60.79,47.28,126.30,Volvo,Genuine Volvo,Interior Body,Interior Body - Interior Switches,Turn Signal Switch
BMW-17101475577,278.39,250.55,194.87,520.59,Mini,Genuine Mini,Cooling System,Cooling System - Cooling Fan,Engine Cooling Fan Assembly
MAN-C36168,11.14,10.03,7.80,20.83,Mercedes-Benz,Mann,Air Intake,Air Intake - Air Filter,Air Filter
79099,14.44,13.00,10.11,27.00,Mercedes-Benz,FAE,Engine,Engine - Switches and Sensors,Engine Camshaft Position Sensor
VOL-977209,7.21,6.49,5.05,13.48,Volvo,Genuine Volvo,Tools Hardware and Supplies,Tools Hardware and Supplies - Nuts Bolts and Fasteners,Lock Nut
VOL-978181,2.81,2.53,1.97,5.25,Volvo,Genuine Volvo,Fuel System Parts,Fuel System Parts - Idle Control Valve,Hose Clamp
CRP-CHE0246P,3.59,3.23,2.51,6.71,Mercedes-Benz,Rein,Cooling System,Cooling System - Cooling Hoses,Engine Coolant By-Pass Hose
ELR-106445,4.14,3.73,2.90,7.74,Volvo,Elring,Exhaust,Exhaust - Exhaust Manifold,Exhaust Manifold Gasket
VOL-9445681,18.78,16.90,13.15,35.12,Volvo,Genuine Volvo,Drivetrain and Axle,Drivetrain and Axle - Axle,Manual Trans Drive Axle Seal
BMW-61311215078,97.78,88.00,68.45,182.85,BMW,Genuine BMW,Transmission,Transmission - Automatic Transmission,Neutral Safety Switch
9497929,82.47,74.22,57.73,154.22,Volvo,TYC,Cooling System,Cooling System - Cooling Fan,Engine Cooling Fan Assembly
92861312000,33.45,30.11,23.42,62.55,Porsche,OEM Supplier,Interior Body,Interior Body - Interior Switches,Sunroof Switch
MAH-OX38D,6.70,6.03,4.69,12.53,Mercedes-Benz,Mahle,Engine,Engine - Oil Filters and Lubrication,Engine Oil Filter
VOL-964833,1.92,1.73,1.34,3.59,Volvo,Genuine Volvo,Clutch and Flywheel,Clutch and Flywheel - Clutch Cables,Parking Brake Clevis Pin
CRP-10X710,2.09,1.88,1.46,3.91,Porsche,Contitech,Engine,Engine - Drive Belts,Accessory Drive Belt
POR-91142493100,147.92,133.13,103.54,276.61,Porsche,Genuine Porsche,Transmission,Transmission - Manual Transmission,Manual Trans Short Shift Kit
VOL-3531927,12.48,11.23,8.74,23.34,Volvo,Genuine Volvo,Air Intake,Air Intake - Intake Manifolds,Intake Manifold Sleeve
MER-1042030802,6.90,6.21,4.83,12.90,Mercedes-Benz,Genuine Mercedes,Cooling System,Cooling System - Engine Coolant Pipe,Engine Coolant Pipe
VOL-1270389,64.19,57.77,44.93,120.04,Volvo,Genuine Volvo,Air Intake,Air Intake - Air Pump,Air Pump Solenoid Valve
ELR-092631,3.25,2.93,2.28,6.08,Volvo,Elring,Engine,Engine - Cylinder Head and Components,Engine Valve Cover Gasket
VOL-6842718,23.00,20.70,16.10,43.01,Volvo,Genuine Volvo,Engine,Engine - Crankcase,PCV Valve Oil Trap
VOL-3531434,12.14,10.93,8.50,22.70,Volvo,Genuine Volvo,Fuel System Parts,Fuel System Parts - Fuel Hoses and Lines,Fuel Tank Vent Hose
BIL-35114086,167.38,150.64,117.17,313.00,BMW,Bilstein B6 Performance,Suspension,Suspension - Shock and Struts,Suspension Strut Assembly
CRP-0005865246,0.93,0.84,0.65,1.74,Mercedes-Benz,CRP,Steering,Steering - Power Steering Pump,Power Steering Pump Seal Kit
CRP-0189976047EC,0.62,0.56,0.43,1.16,Mercedes-Benz,Meistersatz,Steering,Steering - Power Steering Pump,Power Steering Pump Shaft Seal
BMW-51211926306,23.74,21.37,16.62,44.39,BMW,Genuine BMW,Interior Body,Interior Body - Door and Window,Interior Door Handle
BMW-61351379741,327.87,295.08,229.51,613.12,BMW,Genuine BMW,Interior Body,Interior Body - Vehicle Control Modules,Relay Control Module
WAH-459490D,32.66,29.39,22.86,61.07,BMW,Borg Warner,Cooling System,Cooling System - Thermostat,Engine Coolant Thermostat
HEL-009026021,55.31,49.78,38.72,103.43,BMW,Hella,Exterior Body,Exterior Body - Exterior Lighting,Fog Light
63121387862,64.57,58.11,45.20,120.75,BMW,TYC,Exterior Body,Exterior Body - Exterior Lighting,Headlight
91110190200,86.40,77.76,60.48,161.57,Porsche,Glyco,Engine,Engine - Engine Block and Components,Engine Crankshaft Main Bearing Set
91110522206,3.40,3.06,2.38,6.36,Porsche,OEM Supplier,Engine,Engine - Timing,Timing Guide Rail
BEH-376712421,125.75,113.18,88.03,235.15,Mercedes-Benz,Behr,Cooling System,Cooling System - Radiator,Radiator
1234307429,29.04,26.14,20.33,54.30,Mercedes-Benz,Cohline,Brake,Brake - Brake Boosters,Power Brake Booster Line
CRP-1235010215,3.08,2.77,2.16,5.76,Mercedes-Benz,CRP,Cooling System,Cooling System - Radiator,Radiator Cap
99310552900,27.63,24.87,19.34,51.67,Porsche,Iwis,Engine,Engine - Timing,Engine Timing Chain
BOS-17034,120.10,108.09,84.07,224.59,Volvo,Bosch,Exhaust,Exhaust - Oxygen Sensor,Oxygen Sensor
BOS-15056,85.10,76.59,59.57,159.14,Volvo,Bosch,Exhaust,Exhaust - Oxygen Sensor,Oxygen Sensor
VOL-31261372,49.63,44.67,34.74,92.81,Volvo,Genuine Volvo,Air Intake,Air Intake - Intercooler System,Turbocharger Intercooler Hose
VOL-9494387,200.48,180.43,140.34,374.90,Volvo,Genuine Volvo,Exterior Body,Exterior Body - Antenna,Power Antenna
947836,0.58,0.52,0.41,1.08,Volvo,MTC,Engine,Engine - Crankcase,Flame Trap Hose
PPS-55432134,11.70,10.53,8.19,21.88,Volvo,Pro Parts Sweden,Brake,Brake - Parking Brake,Parking Brake Shoe Set
9140980,17.39,15.65,12.17,32.52,Volvo,Vaico,Brake,Brake - Parking Brake,Parking Brake Cable
DEL-SS20176,47.49,42.74,33.24,88.81,Volvo,Delphi,Brake,Brake - ABS,ABS Wheel Speed Sensor Kit
8111005,60.95,54.86,42.67,113.98,Volvo,FTE,Brake,Brake - Brake Master Cylinders,Brake Master Cylinder
ATE-010591,109.87,98.88,76.91,205.46,Volvo,ATE,Brake,Brake - Brake Master Cylinders,Brake Master Cylinder
3545086A,20.17,18.15,14.12,37.72,Volvo,Four Seasons,AC and Climate Control,AC and Climate Control - AC Expansion Valve,A/C Expansion Valve
1347730,33.01,29.71,23.11,61.73,Volvo,Metrix,AC and Climate Control,AC and Climate Control - AC Hoses and Pipes,A/C Hose
VOL-3522879,70.72,63.65,49.50,132.25,Volvo,Genuine Volvo,AC and Climate Control,AC and Climate Control - AC Hoses and Pipes,A/C Hose
3540018,29.02,26.12,20.31,54.27,Volvo,Four Seasons,AC and Climate Control,AC and Climate Control - AC Hoses and Pipes,A/C Hose
3506325,30.95,27.86,21.67,57.88,Volvo,Four Seasons,AC and Climate Control,AC and Climate Control - Blower Motor,Heater Blower Motor
1378850,7.03,6.33,4.92,13.15,Volvo,Mackay,AC and Climate Control,AC and Climate Control - Heater Hose,Heater Hose
9155496,11.47,10.32,8.03,21.45,Volvo,Mackay,Cooling System,Cooling System - Cooling Hoses,Expansion Tank Hose
VOL-3547466,53.14,47.83,37.20,99.37,Volvo,Genuine Volvo,Cooling System,Cooling System - Coolant Expansion Tank,Expansion Tank
9142000,17.52,15.77,12.26,32.76,Volvo,MTC,Cooling System,Cooling System - Coolant Expansion Tank,Engine Coolant Recovery Tank
REI-702545500,0.39,0.35,0.27,0.73,Volvo,Reinz,Cooling System,Cooling System - Thermostat,Engine Coolant Thermostat Gasket
PA-0666,36.12,32.51,25.28,67.54,Volvo,Graf,Cooling System,Cooling System - Water Pump,Engine Water Pump
WPV802,52.36,47.12,36.65,97.91,Volvo,Aisin,Cooling System,Cooling System - Water Pump,Engine Water Pump
CRP-13X1075,3.99,3.59,2.79,7.46,Volvo,Contitech,Engine,Engine - Drive Belts,Accessory Drive Belt
VOL-1377332,12.29,11.06,8.60,22.98,Volvo,Genuine Volvo,Drivetrain and Axle,Drivetrain and Axle - Differential,Differential Gasket
PPS-77432707,0.89,0.80,0.62,1.66,Volvo,MTC,Drivetrain and Axle,Drivetrain and Axle - Driveshaft,Drive Shaft Center Bearing Support Washer
BR16,6.06,5.45,4.24,11.33,Volvo,SKF,Drivetrain and Axle,Drivetrain and Axle - Wheel Bearings,Wheel Bearing
CRP-944185,1.32,1.19,0.92,2.47,Volvo,Meistersatz,Drivetrain and Axle,Drivetrain and Axle - Wheel Bearings,Wheel Seal
OPT-891869,46.75,42.08,32.73,87.42,Volvo,Optimal,Drivetrain and Axle,Drivetrain and Axle - Wheel Hubs,Axle Bearing and Hub Assembly
1229805,5.05,4.55,3.54,9.44,Volvo,DEA,Engine,Engine - Mounts,Engine Mount
CRP-AVE0132P,57.69,51.92,40.38,107.88,Volvo,Rein,Engine,Engine - Mounts,Engine Mount
174-6879,7.92,7.13,5.54,14.81,Volvo,Facet,Engine,Engine - Distributor,Distributor Cap
PRO-510,138.11,124.30,96.68,258.27,Volvo,Programa,Engine,Engine - Electronic Control Units,Electronic Control Unit
271064,22.56,20.30,15.79,42.19,Volvo,Glyco,Engine,Engine - Engine Block and Components,Engine Connecting Rod Bearing
CRP-1378909EC,1.58,1.42,1.11,2.95,Volvo,Meistersatz,Engine,Engine - Cylinder Head and Components,Engine Valve Cover Gasket
REI-081288412,31.69,28.52,22.18,59.26,Volvo,Reinz,Engine,Engine - Engine Block and Components,Conversion Gasket Set
PPS-21431921,4.09,3.68,2.86,7.65,Volvo,Pro Parts Sweden,Engine,Engine - Oil Filters and Lubrication,Oil Dipstick
1346392,3.29,2.96,2.30,6.15,Volvo,Glyco,Engine,Engine - Engine Block and Components,Wrist Pin Bushing
CRP-3547603EC,2.36,2.12,1.65,4.41,Volvo,CRP,Engine,Engine - Cylinder Head and Components,Engine Valve Guide
463395,4.06,3.65,2.84,7.59,Volvo,TRW,Engine,Engine - Cylinder Head and Components,Intake Valve
CRP-4204143,1.11,1.00,0.78,2.08,Volvo,CRP,Engine,Engine - Cylinder Head and Components,Valve Shim
CRP-4152450,1.09,0.98,0.76,2.04,Volvo,CRP,Engine,Engine - Cylinder Head and Components,Valve Shim
CRP-4152454,1.09,0.98,0.76,2.04,Volvo,CRP,Engine,Engine - Cylinder Head and Components,Valve Shim
CRP-4152458,1.16,1.04,0.81,2.17,Volvo,CRP,Engine,Engine - Cylinder Head and Components,Valve Shim
CRP-4152461,1.10,0.99,0.77,2.06,Volvo,CRP,Engine,Engine - Cylinder Head and Components,Valve Shim
STA-6761,10.81,9.73,7.57,20.21,Volvo,Starla,Exhaust,Exhaust - Exhaust Tail Pipe,Exhaust Tail Pipe
MAN-C2596,13.85,12.47,9.70,25.90,Volvo,Mann,Air Intake,Air Intake - Air Filter,Air Filter
BOS-1583386514,9.17,8.25,6.42,17.15,Volvo,Bosch,Fuel System Parts,Fuel System Parts - Fuel Pump,Fuel Pump Check Valve
BOS-0438170001,52.00,46.80,36.40,97.24,Volvo,Bosch,Fuel System Parts,Fuel System Parts - Fuel Injection,Fuel Injection Fuel Accumulator
BOS-0280150734,87.08,78.37,60.96,162.84,Volvo,Bosch,Fuel System Parts,Fuel System Parts - Fuel Injection,Fuel Injector
VOL-463864,6.36,5.72,4.45,11.89,Volvo,Genuine Volvo,Fuel System Parts,Fuel System Parts - Fuel Injection,Fuel Injector Holder
BOS-11051,20.07,18.06,14.05,37.53,Volkswagen,Bosch,Exhaust,Exhaust - Oxygen Sensor,Oxygen Sensor
BOS-13373,72.70,65.43,50.89,135.95,Volvo,Bosch,Exhaust,Exhaust - Oxygen Sensor,Oxygen Sensor
AFT-983750,4.11,3.70,2.88,7.69,Uncategorized,Aftermarket,Merchandise and Accessories,,Tie Wrap
BOS-0332209151,6.09,5.48,4.26,11.39,Volvo,Bosch,Interior Body,Interior Body - Relays,Multi Purpose Relay
MTC-VM344,16.38,14.74,11.47,30.63,Volvo,MTC,Exterior Body,Exterior Body - Antenna,Power Antenna Mast
VOL-9171063,70.52,63.47,49.36,131.87,Volvo,Genuine Volvo,Exterior Body,Exterior Body - Exterior Lighting,Fog Light Assembly
VOL-1358540,311.65,280.49,218.16,582.79,Volvo,Genuine Volvo,Exterior Body,Exterior Body - Exterior Lighting,Headlight Assembly
LES-8195804,9.89,8.90,6.92,18.49,Volvo,Lesjofors,Exterior Body,Exterior Body - Tailgate,Tailgate Strut
3509350,8.65,7.79,6.06,16.18,Volvo,Tuff Support,Exterior Body,Exterior Body - Trunk Exterior,Trunk Strut
VOL-3515092,129.65,116.69,90.76,242.45,Volvo,Genuine Volvo,Brake,Brake - ABS,ABS Wheel Speed Sensor
VOL-8602266,421.47,379.32,295.03,788.15,Volvo,Genuine Volvo,Brake,Brake - ABS,ABS Control Module
ATE-010014,89.62,80.66,62.73,167.59,Volvo,ATE,Brake,Brake - Brake Master Cylinders,Brake Master Cylinder
ATE-320142,138.37,124.53,96.86,258.75,Volvo,ATE,Brake,Brake - Brake Junction,Brake Line Junction Block
AIR-8251069R134,239.87,215.88,167.91,448.56,Volvo,Air Products,AC and Climate Control,AC and Climate Control - AC Compressor,A/C Compressor
1394712,22.81,20.53,15.97,42.65,Volvo,Egelhoff,AC and Climate Control,AC and Climate Control - AC Expansion Valve,A/C Expansion Valve
1370235,10.38,9.34,7.27,19.41,Volvo,Air Products,AC and Climate Control,AC and Climate Control - AC Receiver Drier Accumulator,A/C Receiver Drier
1323460,47.98,43.18,33.59,89.72,Volvo,Four Seasons,AC and Climate Control,AC and Climate Control - AC Switches Relays Sensors,A/C Thermo Switch
VOL-9137937,68.99,62.09,48.29,129.01,Volvo,Genuine Volvo,AC and Climate Control,AC and Climate Control - Blower Motor,Blower Motor Resistor
3537857,76.08,68.47,53.26,142.27,Volvo,Four Seasons,AC and Climate Control,AC and Climate Control - Blower Motor,Heater Blower Motor
SAC-SN3727,33.13,29.82,23.19,61.95,Volvo,Sachs,Clutch and Flywheel,Clutch and Flywheel - Clutch Release Bearing,Clutch Release Bearing
VOL-9432709,58.10,52.29,40.67,108.65,Volvo,Genuine Volvo,Cooling System,Cooling System - Cooling Fan,Engine Cooling Fan Shroud
246589,5.86,5.27,4.10,10.96,Volvo,Mackay,Cooling System,Cooling System - Cooling Hoses,Engine By Pass Hose
3514981,8.75,7.88,6.13,16.36,Volvo,Mackay,Cooling System,Cooling System - Cooling Hoses,Radiator Coolant Hose
464015,11.19,10.07,7.83,20.93,Volvo,Mackay,Cooling System,Cooling System - Cooling Hoses,Radiator Coolant Hose
9142043,11.23,10.11,7.86,21.00,Volvo,Mackay,Cooling System,Cooling System - Cooling Hoses,Radiator Coolant Hose
9161000,11.43,10.29,8.00,21.37,Volvo,Mackay,AC and Climate Control,AC and Climate Control - Heater Hose,Heater Hose
VOL-3547710,23.63,21.27,16.54,44.19,Volvo,Genuine Volvo,Cooling System,Cooling System - Coolant Level Sensors,Coolant Level Sensor
1317465,35.35,31.82,24.75,66.10,Volvo,Aisin,Cooling System,Cooling System - Cooling Fan,Fan Clutch Blade
273320,9.79,8.81,6.85,18.31,Volvo,Vernet,Cooling System,Cooling System - Thermostat,Engine Coolant Thermostat
PPS-26430667,1.85,1.67,1.30,3.46,Volvo,Pro Parts Sweden,Cooling System,Cooling System - Water Pump,Engine Water Pump Gasket
FW86,29.69,26.72,20.78,55.52,Volvo,SKF,Drivetrain and Axle,Drivetrain and Axle - Wheel Bearings,Wheel Bearing 
VOL-30884541,152.91,137.62,107.04,285.94,Volvo,Genuine Volvo,Drivetrain and Axle,Drivetrain and Axle - Wheel Hubs,Axle Bearing and Hub Assembly
VOL-9470836,78.36,70.52,54.85,146.53,Volvo,Genuine Volvo,Engine,Engine - Mounts,Engine Torque Rod
3523070,23.22,20.90,16.25,43.42,Volvo,MTC,Engine,Engine - Battery,Battery Cable
PRO-556,194.34,174.91,136.04,363.42,Volvo,Programa,Engine,Engine - Electronic Control Units,Electronic Control Unit
270137,22.00,19.80,15.40,41.14,Volvo,Glyco,Engine,Engine - Engine Block and Components,Engine Connecting Rod Bearing
270907,66.95,60.26,46.87,125.20,Volvo,Glyco,Engine,Engine - Engine Block and Components,Engine Crankshaft Main Bearing Set
271214,33.14,29.83,23.20,61.97,Volvo,Glyco,Engine,Engine - Engine Block and Components,Engine Crankshaft Main Bearing Set
VOL-1336927,49.69,44.72,34.78,92.92,Volvo,Genuine Volvo,Engine,Engine - Timing,Crankshaft Gear
REI-612449030,9.37,8.43,6.56,17.52,Volvo,Reinz,Engine,Engine - Cylinder Head and Components,Engine Cylinder Head Gasket
CRP-419652,1.89,1.70,1.32,3.53,Volvo,CRP,Engine,Engine - Cylinder Head and Components,Engine Valve Guide
CRP-4204145,1.16,1.04,0.81,2.17,Volvo,CRP,Engine,Engine - Cylinder Head and Components,Valve Shim
CRP-4152452,1.14,1.03,0.80,2.13,Volvo,CRP,Engine,Engine - Cylinder Head and Components,Valve Shim
CRP-4152456,1.11,1.00,0.78,2.08,Volvo,CRP,Engine,Engine - Cylinder Head and Components,Valve Shim
VOL-9135131,3.21,2.89,2.25,6.00,Volvo,Genuine Volvo,Engine,Engine - Cylinder Head and Components,Engine Valve Spring Retainer
STA-15899,62.25,56.03,43.58,116.41,Volvo,Starla,Exhaust,Exhaust - Exhaust Pipes,Exhaust Pipe
BOS-71036,16.02,14.42,11.21,29.96,Volkswagen,Bosch,Fuel System Parts,Fuel System Parts - Fuel Filters,Air Filter
BOS-0280160293,115.92,104.33,81.14,216.77,Volvo,Bosch,Fuel System Parts,Fuel System Parts - Fuel Injection,Fuel Pressure Regulator
BOS-0438170034,102.10,91.89,71.47,190.93,Volvo,Bosch,Fuel System Parts,Fuel System Parts - Fuel Injection,Fuel Accumulator
BOS-62277,27.60,24.84,19.32,51.61,Audi,Bosch,Fuel System Parts,Fuel System Parts - Fuel Injection,Fuel Injector
